id;client_id;full_name;date_of_birth;address;phone_number;email;client_type
1;along deliberately remarkable;ascertain unless sell;sashay provided;consequently sadly;or ack arrogantly;Leonard_Jones17@yahoo.com;redevelop whereas black
2;while better depute;recent keenly angrily;astride analyse um;remorseful stable;meanwhile afore versus;Ariel_Vandervort33@yahoo.com;onto athwart
3;fair speedily qua;connect agreement;pish decide;zowie from snuggle;fray;Princess53@yahoo.com;that
4;adjudge briskly spew;oof uselessly keenly;in meh;imaginary drab notwithstanding;clonk partially;Caleb.Anderson-Wuckert@gmail.com;flowery because truly
5;blah whether uh-huh;next;circa punctual;zowie;intrepid antagonize;Ewell_Wyman83@gmail.com;that
6;unwieldy hippodrome too;section;porter hurtful;between who;appliance who;Randi.Abernathy@yahoo.com;fabricate into what
7;er;nauseate transcend;nougat;disapprove than;mediocre;Damaris_Mante10@yahoo.com;gee inside ah
8;soap granny than;iterate esteemed every;off but brochure;great lender;for until;Devin72@gmail.com;lest orchestrate piglet
9;unabashedly;eek;cavernous staid for;caption how;whose once;Marlin_Nitzsche37@hotmail.com;cease though
10;ashamed slight;hospitalization ha;intently;completion cafe;geez huzzah;Tyree73@hotmail.com;underneath
