id;document_id;document_name;issue_date;expiry_date;associated_sinister
1;officially uh-huh meh;if;2025-04-11T01:11:15;2025-04-10T21:36:41;pace screw
2;slope cavernous phony;ad;2025-04-10T11:41:51;2025-04-10T19:36:16;likewise draft
3;but;elegant meaningfully;2025-04-10T16:20:31;2025-04-10T13:12:17;valiantly
4;lest;father;2025-04-11T06:44:47;2025-04-10T10:43:55;independence
5;despite clinch halt;scorn;2025-04-10T22:47:38;2025-04-10T16:07:07;drowse blah
6;cautiously;lest sarong aw;2025-04-11T07:53:23;2025-04-11T00:34:53;futon
7;lest times wealthy;vain round woot;2025-04-10T22:52:52;2025-04-11T04:27:31;uncover fervently any
8;utter curiously;underneath vivid yahoo;2025-04-11T00:32:56;2025-04-11T05:16:03;thoroughly ultimately
9;even;instead;2025-04-10T11:08:48;2025-04-10T12:03:53;nougat trusting viciously
10;pfft;yum;2025-04-10T13:31:29;2025-04-11T03:59:18;swathe kooky about
