id;document_name;document_type;issue_date;expiry_date;owner
1;into;LICENSE;2025-04-11T02:53:00;2025-04-10T23:47:19;shudder
2;since;INSURANCE;2025-04-11T03:07:06;2025-04-11T00:38:15;roughly jaggedly
3;aw hungrily intensely;CIN;2025-04-10T15:30:27;2025-04-10T08:53:46;geez miserably
4;under;REGISTRATION;2025-04-10T21:04:36;2025-04-11T06:34:30;supplier curry frightfully
5;regarding suspiciously plumber;REGISTRATION;2025-04-10T15:09:10;2025-04-10T08:33:26;fair sternly
6;onto;LICENSE;2025-04-11T04:05:16;2025-04-10T09:50:06;zowie whereas wedge
7;circa grizzled;INSURANCE;2025-04-10T16:31:02;2025-04-10T17:29:16;clearly submitter pivot
8;judgementally;INSURANCE;2025-04-11T00:50:26;2025-04-11T03:40:02;engender because
9;but insidious;LICENSE;2025-04-11T06:03:03;2025-04-10T10:22:38;import
10;measly horse;REGISTRATION;2025-04-10T11:12:29;2025-04-10T13:20:26;importance whoa whoever
