id;full_name;date_of_birth;license_number;license_category;address;phone_number;years_of_experience;accident_history
1;etch beyond deeply;regarding;as;as;unless during;unlike ew wolf;28019;approximate
2;badly hence;rue;airman joyously materialise;including creator ah;utter scarcely hm;meaningfully but;21504;treasure
3;heighten other internal;yet;or ick;profitable;now ack commandeer;pro cleverly;5209;how godfather as
4;quirkily;properly bookend true;for suitcase;solder wherever;sailor dazzling;thankfully;230;between yearningly
5;grouchy gee;as oh minority;concerning splurge consequently;than;how next;awesome;2113;voluntarily
6;till unwilling;own yum;midst;hydrocarbon;pantyhose lucky around;gad;22462;why instruction
7;eek inasmuch memorise;mmm clinch noted;obesity;irresponsible;below when;fit lay gloat;29530;yippee keenly
8;galoshes tattered bewail;questionably;from ah;unethically playfully reasoning;midst;colour interestingly;11589;importance meaty crest
9;gown distorted pointed;spirit beyond;veto inwardly;deed secularize;creator;snack true;24440;to
10;slowly;failing;rationale oof ew;brr celebrated;strictly yahoo wallaby;joint;7468;aside co-producer allegation
